<step title="Incoming Request" date="2025-10-25T16:03:46.826" instance="547ad6" url="/api/publish?type=zip" method="POST" type="request" pid="768,1,63" Accept="*/*" Host="app-anthosks-api-se-01-p.scm.azurewebsites.net" User-Agent="AZURECLI/2.77.0 (HOMEBREW)" Accept-Encoding="gzip, deflate" Authorization="Bea..." Cache-Control="no-cache" Content-Type="application/octet-stream" Cookie="ARRAffinity=547ad6530bcf318c7dcff9f278abe48477eb1a6d4d5cf3e0f863a095bd0eac2b; ARRAffinitySameSite=547ad6530bcf318c7dcff9f278abe48477eb1a6d4d5cf3e0f863a095bd0eac2b" Content-Length="462195" x-ms-client-request-id="2a240bbe-b1bc-11f0-9bce-86e58fefc870" x-ms-artifact-checksum="57b07d877a050a49859717eebafc33f9377e9a3bfdf08ee8ae9b20ad4a3e1999" X-ARR-LOG-ID="2a240bbe-b1bc-11f0-9bce-86e58fefc870" CLIENT-IP="176.10.159.121:19028" X-SITE-DEPLOYMENT-ID="app-anthosks-api-se-01-p" WAS-DEFAULT-HOSTNAME="app-anthosks-api-se-01-p.scm.azurewebsites.net" X-Forwarded-Proto="https" X-AppService-Proto="https" X-Forwarded-TlsVersion="1.3" X-WAWS-Unencoded-URL="/api/publish?type=zip" X-Client-IP="176.10.159.121" X-Client-Port="19028" >
  <step title="OneDeploy" date="2025-10-25T16:03:47.039" >
    <step title="None repository commit" date="2025-10-25T16:03:47.066" >
      <step title="Commit id: 5cb5fce8-b256-44c3-9e3f-f329668074ca" date="2025-10-25T16:03:47.071" Message="N/A" AuthorName="N/A" AuthorEmail="N/A" /><!-- duration: 3ms -->
    </step><!-- duration: 11ms -->
    <step title="Starting PushDeployAsync" date="2025-10-25T16:03:47.081" /><!-- duration: 3ms -->
    <step title="Writing artifact to /tmp/zipdeploy/b27527b2-6aed-4390-b5cc-268d99adcf64.zip" date="2025-10-25T16:03:47.120" >
      <step title="Writing multipart request body to /tmp/zipdeploy/b27527b2-6aed-4390-b5cc-268d99adcf64.zip" date="2025-10-25T16:03:47.125" /><!-- duration: 3ms -->
    </step><!-- duration: 145ms -->
    <step title="Removing previous build artifact&apos;s manifest file" date="2025-10-25T16:03:47.270" >
      <step title="Attempting to fetch target branch HEAD" date="2025-10-25T16:03:47.300" /><!-- duration: 3ms -->
      <step title="Acquiring Deployment Lock" date="2025-10-25T16:03:47.307" /><!-- duration: 4ms -->
      <step title="Acquired Deployment Lock" date="2025-10-25T16:03:47.363" /><!-- duration: 3ms -->
      <step title="Performing fetch based deployment" date="2025-10-25T16:03:47.374" >
        <step title="Creating temporary deployment" date="2025-10-25T16:03:47.380" /><!-- duration: 82ms -->
        <step title="Releasing Deployment Lock" date="2025-10-25T16:03:48.631" /><!-- duration: 6ms -->
        <step title="Cleaning up temp folders from previous zip deployments and extracting pushed zip file /tmp/zipdeploy/b27527b2-6aed-4390-b5cc-268d99adcf64.zip (0.44 MB) to /tmp/zipdeploy/extracted" date="2025-10-25T16:03:48.675" >
          <step title="ChmodRecursive Process exited with total time taken in ms: 107" date="2025-10-25T16:03:48.852" /><!-- duration: 3ms -->
        </step><!-- duration: 184ms -->
        <step title="None repository commit" date="2025-10-25T16:03:48.864" >
          <step title="Commit id: 5cb5fce8-b256-44c3-9e3f-f329668074ca" date="2025-10-25T16:03:48.867" Message="OneDeploy" AuthorName="N/A" AuthorEmail="N/A" /><!-- duration: 5ms -->
        </step><!-- duration: 32ms -->
        <step title="Deployment timer started" date="2025-10-25T16:03:50.909" >
          <step title="DeploymentManager.Deploy(id:5cb5fce8-b256-44c3-9e3f-f329668074ca)" date="2025-10-25T16:03:50.916" >
            <step title="Collecting changeset information" date="2025-10-25T16:03:50.939" /><!-- duration: 101ms -->
            <step title="Updating submodules" date="2025-10-25T16:03:51.047" /><!-- duration: 1131ms -->
            <step title="Determining deployment builder" date="2025-10-25T16:03:52.417" >
              <step title="Builder is OryxBuilder" date="2025-10-25T16:03:52.436" /><!-- duration: 3ms -->
            </step><!-- duration: 25ms -->
            <step title="PreDeployment: context.CleanOutputPath False" date="2025-10-25T16:03:52.498" >
              <step title="PreDeployment: context.OutputPath /home/site/wwwroot" date="2025-10-25T16:03:52.626" >
                <step title="Building" date="2025-10-25T16:03:52.776" >
                  <step title="Executing external process" date="2025-10-25T16:03:53.196" type="process" path="bash" arguments="-c &quot;oryx build /tmp/zipdeploy/extracted -o /home/site/wwwroot --platform python --platform-version 3.11 -p virtualenv_name=antenv --log-file /tmp/build-debug.log  -i /tmp/8de13e017b4f7d5 --compress-destination-dir | tee /tmp/oryx-build.log ; exit $PIPESTATUS &quot;" >
                    <step title="Cpu: python(1829,41.250s)+ts(1830,0.150s)+build.sh(1828,0.000s)+build.sh(1827,0.000s)+build.sh(1727,0.070s)+oryx(1705,5.050s)+tee(1706,0.000s)+bash(1704,0.000s)=total(46.520s)" date="2025-10-25T16:05:44.495" /><!-- duration: 50ms -->
                    <step title="bash: no io activity for 60s, prev-cpu=-1.000s, current-cpu=46.520s" date="2025-10-25T16:05:44.586" /><!-- duration: 50ms -->
                    <step title="Cpu: python(1829,73.690s)+ts(1830,0.150s)+build.sh(1828,0.000s)+build.sh(1827,0.000s)+build.sh(1727,0.070s)+oryx(1705,5.090s)+tee(1706,0.000s)+bash(1704,0.000s)=total(79.000s)" date="2025-10-25T16:06:44.958" /><!-- duration: 19ms -->
                    <step title="bash: no io activity for 127s, prev-cpu=46.520s, current-cpu=79.000s" date="2025-10-25T16:06:45.029" /><!-- duration: 48ms -->
                    <step title="Error occurred" date="2025-10-25T16:08:55.375" type="error" text="GetParentProcessLinux (1992) failed.: Could not find a part of the path &apos;/proc/1992/stat&apos;." stackTrace="   at Interop.ThrowExceptionForIoErrno(ErrorInfo errorInfo, String path, Boolean isDirError)
   at Microsoft.Win32.SafeHandles.SafeFileHandle.Open(String fullPath, FileMode mode, FileAccess access, FileShare share, FileOptions options, Int64 preallocationSize, UnixFileMode openPermissions, Int64&amp; fileLength, UnixFileMode&amp; filePermissions, Boolean failForSymlink, Boolean&amp; wasSymlink, Func`4 createOpenException)
   at System.IO.Strategies.OSFileStreamStrategy..ctor(String path, FileMode mode, FileAccess access, FileShare share, FileOptions options, Int64 preallocationSize, Nullable`1 unixCreateMode)
   at System.IO.StreamReader.ValidateArgsAndOpenPath(String path, Encoding encoding, Int32 bufferSize)
   at System.IO.File.ReadLines(String path)
   at Kudu.Core.Infrastructure.ProcessExtensions.GetParentProcessLinux(Process process, ITracer tracer) in /tmp/KuduLite/Kudu.Core/Infrastructure/ProcessExtensions.cs:line 155" /><!-- duration: 81ms -->
                    <step title="Cpu: gzip(1971,24.630s)+sh(1970,0.000s)+tar(1969,1.130s)+build.sh(1727,0.080s)+oryx(1705,5.830s)+tee(1706,0.010s)+bash(1704,0.000s)=total(31.680s)" date="2025-10-25T16:08:56.165" /><!-- duration: 72ms -->
                    <step title="bash: no io activity for 61s, prev-cpu=-1.000s, current-cpu=31.680s" date="2025-10-25T16:08:56.314" /><!-- duration: 82ms -->
