<step title="Incoming Request" date="2025-10-25T13:55:33.412" instance="547ad6" url="/api/publish?type=zip&amp;async=True" method="POST" type="request" pid="768,1,5" Accept="*/*" Host="app-anthosks-api-se-01-p.scm.azurewebsites.net" User-Agent="AZURECLI/2.77.0 (HOMEBREW)" Accept-Encoding="gzip, deflate" Authorization="Bea..." Cache-Control="no-cache" Content-Type="application/octet-stream" Content-Length="462195" x-ms-client-request-id="34d6f402-b1aa-11f0-8a94-86e58fefc870" x-ms-artifact-checksum="57b07d877a050a49859717eebafc33f9377e9a3bfdf08ee8ae9b20ad4a3e1999" X-ARR-LOG-ID="34d6f402-b1aa-11f0-8a94-86e58fefc870" CLIENT-IP="176.10.159.121:18505" X-SITE-DEPLOYMENT-ID="app-anthosks-api-se-01-p" WAS-DEFAULT-HOSTNAME="app-anthosks-api-se-01-p.scm.azurewebsites.net" X-Forwarded-Proto="https" X-AppService-Proto="https" X-Forwarded-TlsVersion="1.3" X-WAWS-Unencoded-URL="/api/publish?type=zip&amp;async=True" X-Client-IP="176.10.159.121" X-Client-Port="18505" >
  <step title="OneDeploy" date="2025-10-25T13:55:33.934" >
    <step title="None repository commit" date="2025-10-25T13:55:33.943" >
      <step title="Commit id: 1154a86d-65c2-4cf4-9003-e085946c62eb" date="2025-10-25T13:55:33.946" Message="N/A" AuthorName="N/A" AuthorEmail="N/A" /><!-- duration: 2ms -->
    </step><!-- duration: 7ms -->
    <step title="Starting PushDeployAsync" date="2025-10-25T13:55:33.953" /><!-- duration: 2ms -->
    <step title="Writing artifact to /tmp/zipdeploy/5bd01da8-7cc0-4998-9f52-af9ff6b68f03.zip" date="2025-10-25T13:55:33.965" >
      <step title="Writing multipart request body to /tmp/zipdeploy/5bd01da8-7cc0-4998-9f52-af9ff6b68f03.zip" date="2025-10-25T13:55:33.968" /><!-- duration: 2ms -->
    </step><!-- duration: 118ms -->
    <step title="Start deployment in the background" date="2025-10-25T13:55:34.093" >
      <step title="Acquiring Deployment Lock" date="2025-10-25T13:55:34.128" /><!-- duration: 2ms -->
      <step title="Acquired Deployment Lock" date="2025-10-25T13:55:34.179" /><!-- duration: 2ms -->
    </step><!-- duration: 164ms -->
  </step><!-- duration: 343ms -->
  <step title="Outgoing response" date="2025-10-25T13:55:34.306" type="response" statusCode="202" statusText="Accepted" /><!-- duration: 4ms -->
</step><!-- duration: 901ms -->
