﻿<?xml version="1.0" encoding="utf-8"?>
<deployment>
  <id>5cb5fce8-b256-44c3-9e3f-f329668074ca</id>
  <author>N/A</author>
  <deployer>OneDeploy</deployer>
  <authorEmail>N/A</authorEmail>
  <message>OneDeploy</message>
  <progress></progress>
  <status>Failed</status>
  <statusText>Deployment has been stopped due to SCM container restart. The restart can happen due to a management operation on site. Do not perform a management operation and a deployment operation in quick succession. Adding a small delay can help avoid any conflicts.</statusText>
  <lastSuccessEndTime />
  <receivedTime>2025-10-25T16:03:50.9866704Z</receivedTime>
  <startTime>2025-10-25T16:03:52.3408562Z</startTime>
  <endTime>2025-10-25T16:12:09.1988655Z</endTime>
  <complete>True</complete>
  <is_temp>False</is_temp>
  <is_readonly>True</is_readonly>
  <buildSummary />
</deployment>